"","Gene","adjpval"
"1","Q13148",3.86245774075036e-13
"2","Q9UKM9",6.96951932810718e-13
"3","P07910",6.96951932810718e-13
"4","Q15717",8.99669687912886e-13
"5","Q96T37",2.11315644553929e-12
"6","Q92879",1.27698288791159e-11
"7","Q96PK6",1.67667668785036e-11
"8","P26368",3.1056044339738e-11
"9","Q9NZI8",3.28320814528016e-11
"10","O43390",3.66653735768285e-11
"11","Q01085",6.87466882700108e-11
"12","P23246",1.30201901298156e-10
"13","P26599",1.30201901298156e-10
"14","Q15233",1.52898584528581e-10
"15","O60506",3.68899685860186e-10
"16","Q9NUD5",3.68899685860186e-10
"17","P52272",4.38011004786196e-10
"18","Q9BQC6",4.62041479087001e-10
"19","Q6ZN17",5.41545925499044e-10
"20","Q7Z2W4",5.41545925499044e-10
"21","P31483",7.4629007393558e-10
"22","O00425",8.66506770706401e-10
"23","Q96I24",1.16128627667411e-09
"24","P14866",1.59361525433956e-09
"25","Q6PKG0",2.16368341253303e-09
"26","P51991",2.66799906088213e-09
"27","P67809",3.43728183182242e-09
"28","P22626",3.43728183182242e-09
"29","Q4G0J3",4.49461169195095e-09
"30","Q9NQ94",4.58658218466997e-09
"31","O76021",4.58658218466997e-09
"32","Q13151",5.05087315668573e-09
"33","P52597",5.24898897958642e-09
"34","Q92945",5.39372538182894e-09
"35","O75534",5.39372538182894e-09
"36","P42704",5.54602362516492e-09
"37","P09651",6.42079601407075e-09
"38","Q8WXF1",7.10525657886429e-09
"39","Q14692",7.61383367682602e-09
"40","P33240",7.61383367682602e-09
"41","P31942",7.61383367682602e-09
"42","Q9BWF3",9.54702118303286e-09
"43","Q8TDD1",1.17432961914804e-08
"44","P46777",1.17827741015628e-08
"45","P05455",1.20468485904707e-08
"46","Q9Y6M1",1.34410444643246e-08
"47","P43243",1.39309991237243e-08
"48","P31943",1.46861718256665e-08
"49","Q9NR30",1.52945995103707e-08
"50","Q14690",1.63579301892126e-08
"51","Q96EP5",1.63579301892126e-08
"52","Q9Y4C8",2.28453730583916e-08
"53","Q9UQ80",2.30886904146552e-08
"54","O14979",2.48103589835596e-08
"55","Q96EY7",2.52691540106907e-08
"56","P50914",2.58762234240494e-08
"57","Q99729",2.8456608376134e-08
"58","Q5JTH9",2.8738083682922e-08
"59","P38159",2.92820157082872e-08
"60","P35637",2.92820157082872e-08
"61","Q12905",3.01021747464186e-08
"62","Q92900",3.01021747464186e-08
"63","P62280",3.01021747464186e-08
"64","Q14103",3.30688181979016e-08
"65","P17844",4.42952622707253e-08
"66","Q9HCE1",5.07023357893786e-08
"67","Q9NUQ6",5.52072545441165e-08
"68","Q96GQ7",5.57647467390601e-08
"69","Q13242",5.93826476782342e-08
"70","Q00839",5.97907628329504e-08
"71","P19338",6.00927789615252e-08
"72","P61978",6.00927789615252e-08
"73","Q13310",6.00927789615252e-08
"74","Q9NZB2",6.17878639773299e-08
"75","Q96E39",6.17878639773299e-08
"76","O00571",6.17878639773299e-08
"77","Q9NY12",6.27365737320142e-08
"78","Q8IX01",6.28894261552492e-08
"79","P15880",6.3226539756459e-08
"80","Q9NW13",6.5958272348129e-08
"81","Q7KZF4",6.98735917466101e-08
"82","P84103",9.09474049408347e-08
"83","Q14671",1.06355778025766e-07
"84","P16989",1.23785902391892e-07
"85","Q12849",1.25497235362733e-07
"86","P62847",1.32788679709712e-07
"87","Q7Z4V0",1.35417223474546e-07
"88","Q9GZT3",1.35417223474546e-07
"89","Q9NW64",1.55005346047941e-07
"90","Q7L2E3",1.80773074882444e-07
"91","Q92841",1.89772967999969e-07
"92","Q12906",1.89772967999969e-07
"93","Q969S3",1.91666468594925e-07
"94","Q15365",1.95315210733048e-07
"95","Q00341",2.00406146587137e-07
"96","Q07002",2.11029438787585e-07
"97","P62917",2.1160622356463e-07
"98","P11940",2.19429972846283e-07
"99","Q1KMD3",2.20712845478323e-07
"100","Q08211",2.38581448621636e-07
"101","P22087",2.7743843301891e-07
"102","Q8IWA0",2.7743843301891e-07
"103","Q99848",3.21791600425209e-07
"104","Q5BKZ1",3.91630959551233e-07
"105","P36578",4.10011181768129e-07
"106","Q8NC51",4.11479850944287e-07
"107","Q9BQG0",4.13455697898211e-07
"108","Q9Y6G3",4.37655574813812e-07
"109","P46087",5.30543865559881e-07
"110","O95793",5.47667492532753e-07
"111","Q9UHX1",6.85505220582117e-07
"112","Q6DKI1",6.85505220582117e-07
"113","Q13895",7.25963791756221e-07
"114","Q14152",7.55870506234814e-07
"115","Q9BZE1",7.91444734383191e-07
"116","P23588",8.04368522890248e-07
"117","Q5T653",8.18528139663426e-07
"118","Q8TDN6",8.18528139663426e-07
"119","Q6P2Q9",8.62556472779338e-07
"120","A8MWD9; P62308",8.65227120960014e-07
"121","Q15366",9.8646174200081e-07
"122","Q9Y3X0",9.9473009539495e-07
"123","Q96AE4",1.08204804875996e-06
"124","P42696",1.18681798447715e-06
"125","Q5T6F2",1.32666292870012e-06
"126","Q8NE71",1.36317556870211e-06
"127","Q9BVP2",1.42595942609473e-06
"128","Q9Y520",1.48546319883602e-06
"129","Q07955",1.50868237121756e-06
"130","Q15269",1.53808660276025e-06
"131","P62899",1.54612082659424e-06
"132","Q07666",1.60480011198582e-06
"133","Q86V81",1.62301595018542e-06
"134","O00411",1.65484408525138e-06
"135","Q8IY67",1.79276102172285e-06
"136","Q14157",1.88962472810078e-06
"137","Q15020",2.00490824530942e-06
"138","Q8IY81",2.06920376413692e-06
"139","P62633",2.33550723251072e-06
"140","Q14444",2.42122558381762e-06
"141","Q9BVJ6",2.42122558381762e-06
"142","P61254",2.96166876530452e-06
"143","O95758",3.24094153591335e-06
"144","Q8TED0",3.26122540392901e-06
"145","P49207",3.39736187830599e-06
"146","P13667",3.84493243069963e-06
"147","O15371",4.61634454332646e-06
"148","Q9BZZ5",4.96023402368366e-06
"149","O75821",4.96023402368366e-06
"150","Q9P0M9",5.09980613955599e-06
"151","Q86TG7",5.89215441638682e-06
"152","P83731",7.42821003803706e-06
"153","P23396",8.07468667766686e-06
"154","Q9BZE4",8.87462456203413e-06
"155","P08621",1.03325547930458e-05
"156","Q9HC35",1.14347461067734e-05
"157","P18124",1.14381395211488e-05
"158","P57723",1.14381395211488e-05
"159","Q8N163",1.22451807741024e-05
"160","P15529",1.22981904581065e-05
"161","Q9NX24",1.2633825808388e-05
"162","Q96KR1",1.33275209478351e-05
"163","P13010",1.4202776491744e-05
"164","P30101",1.48412260499322e-05
"165","Q9H0D6",1.56493381228081e-05
"166","Q96T58",1.784409121272e-05
"167","Q15050",1.8519127332611e-05
"168","O75691",1.98485942171765e-05
"169","P02786",2.02368057981751e-05
"170","P61353",2.04818726823093e-05
"171","Q9BUJ2",2.48117111693754e-05
"172","P78316",2.56144694900905e-05
"173","P39023",2.65616558988548e-05
"174","Q01081",2.66599931343661e-05
"175","P17301",3.23097836028682e-05
"176","Q07065",3.59222760012588e-05
"177","Q9H6T0",3.59222760012588e-05
"178","Q8IWR0",3.59222760012588e-05
"179","O75822",3.93052891598028e-05
"180","Q8WVV9",3.93052891598028e-05
"181","Q01082",3.93052891598028e-05
"182","Q2M296",4.0140683927727e-05
"183","Q96DV4",4.31472466696648e-05
"184","Q00577",4.82183823450199e-05
"185","Q8WWM7",4.98349365107588e-05
"186","Q8WTT2",5.35525608854529e-05
"187","O75153",5.66090794577017e-05
"188","O00299",5.66090794577017e-05
"189","B5ME19; Q99613",5.6897100969291e-05
"190","P82675",5.73902994212466e-05
"191","Q7L0Y3",5.98914784094875e-05
"192","O60832",6.34575163232484e-05
"193","P78527",6.92202184430202e-05
"194","P29317",6.97151017439183e-05
"195","P61247",6.97151017439183e-05
"196","A5YKK6",7.74279189612897e-05
"197","P49591",8.06717165314825e-05
"198","P98179",8.06717165314825e-05
"199","Q92616",8.06717165314825e-05
"200","Q96D46",9.46395742280496e-05
"201","P46782",9.5046426158477e-05
"202","Q5VZF2; Q9NR56",0.00010215652133777
"203","Q9BYD2",0.000110474707044691
"204","O95478",0.000115904333452991
"205","Q969X6",0.000115904333452991
"206","Q92499",0.000137231661532295
"207","Q02543",0.000139174640402895
"208","P15170",0.000145766890164245
"209","P05023",0.000154325484561294
"210","Q14554",0.000162372452709528
"211","P52756",0.000163541882369653
"212","O75179",0.000169100898929353
"213","P46013",0.000173759502938991
"214","P62263",0.000177178885381277
"215","Q9NQ55",0.000184009403611557
"216","P60866",0.000187981848721253
"217","O43823",0.000201344140787766
"218","P14678; P63162",0.00020285095735897
"219","P62081",0.000211069039065037
"220","P27635",0.000213206227063133
"221","O95232",0.000249310069312543
"222","Q16629",0.000258486374738362
"223","Q96AG4",0.00026874723693909
"224","Q12874",0.000272597082783451
"225","Q8N1G4",0.000272597082783451
"226","O15230",0.000273943045605402
"227","Q92615",0.000279747079205808
"228","Q14562",0.000279812599035201
"229","P12956",0.000292461338912972
"230","Q14498",0.000313045578890964
"231","P62318",0.00033654740477564
"232","Q9NUL7",0.000351475957014451
"233","Q92542",0.000354619912207977
"234","Q9NVS2",0.000359871210659085
"235","Q13283",0.000362059853573209
"236","Q15032",0.000368777800196528
"237","Q02878",0.000373300714710176
"238","Q03701",0.000382683191293553
"239","P07237",0.000406522115150806
"240","O75152",0.00040821253077333
"241","O15031",0.000424521014920643
"242","P56182",0.00049091754947121
"243","P82933",0.000518025767259648
"244","Q9NVV4",0.000519676662123733
"245","Q969G9",0.000523918439778364
"246","P61619",0.000523918439778364
"247","P07942",0.000537480246607733
"248","P11047",0.000553379776620594
"249","P01024",0.000594747740391598
"250","Q15084",0.000597284295174678
"251","P30876",0.000608663506844601
"252","Q15397",0.000613084465491568
"253","Q9UNX4",0.000667139403515602
"254","P78509",0.000711891047027767
"255","Q14517",0.000769112931310159
"256","Q04837",0.000825953858379658
"257","Q9H9J2",0.000835212945852632
"258","P27144",0.000870437149545797
"259","Q02809",0.000907406100182189
"260","Q96EL2",0.000959407640608866
"261","P04439",0.000972010385572013
"262","Q8TB72",0.00104464429596949
"263","Q86U42",0.00111201547766016
"264","P49411",0.00113313410754904
"265","P62854",0.00118953927586486
"266","Q14258",0.00124348332762625
"267","P52209",0.00127039145168633
"268","Q13501",0.00127039145168633
"269","P14543",0.00131404164426538
"270","Q92896",0.00132842366511658
"271","P98160",0.00136726943404333
"272","Q8NBS9",0.00167858837753813
"273","Q9UQ35",0.00168482040080723
"274","P46776",0.00173471558580099
"275","Q5JVS0",0.0018606525117952
"276","Q9Y2R9",0.00189983340929587
"277","P07814",0.00196296788307468
"278","Q9Y697",0.00208325229519311
"279","O43143",0.00220735017262033
"280","O75533",0.00222241246125406
"281","O60869",0.00232037720156838
"282","P55084",0.0023675132249343
"283","Q8TEM1",0.00237336341350348
"284","P02751",0.00238482686359171
"285","Q96ST2",0.00239469933449157
"286","Q9NXH9",0.00241931517392966
"287","Q9Y2X3",0.00243005748701348
"288","P46781",0.00274922752263481
"289","P04114",0.00274922752263481
"290","Q08J23",0.00300526487849373
"291","P27816",0.00313061108506817
"292","P54886",0.00320422254725263
"293","P84098",0.0033665892131984
"294","Q9H307",0.00337376857609371
"295","P62701",0.00354282089077607
"296","Q86UE4",0.00367964796174086
"297","P29279",0.00384207299789273
"298","Q7Z4V5",0.004265973884924
"299","P38646",0.00431326247033014
"300","P14209",0.00455184278331236
"301","Q9NY93",0.00455184278331236
"302","P02679",0.00479766559629546
"303","P11310",0.00481674411783186
"304","P10646",0.00483365430562456
"305","Q9H0U6",0.00512868162097594
"306","P62888",0.00588755493881942
"307","Q9Y4P3",0.00597395253855373
"308","P78332",0.00628636971797047
"309","Q9Y606",0.00642689258006227
"310","P16615",0.00651666692068912
"311","P46977",0.00652359404416414
"312","Q9NWH9",0.00680013804745397
"313","Q96EU6",0.00680281610478113
"314","P00367",0.00685658244963799
"315","P14625",0.00697527999787786
"316","Q8NBQ5",0.00698601949622343
"317","P18621",0.0070494270244389
"318","Q13443",0.00707613982478814
"319","Q14739",0.00709865297903944
"320","O95857",0.00709865297903944
"321","Q92804",0.00709865297903944
"322","Q9UGP8",0.00714167926471234
"323","O14578",0.00720147121448795
"324","Q9H0A0",0.00724484585962953
"325","P62269",0.00761825614720864
"326","P40939",0.00765077619066683
"327","P11387",0.00808964291257648
"328","P11717",0.00819790237548585
"329","Q15459",0.00852704859207393
"330","P30086",0.0087290620341117
"331","P39019",0.00889993966066369
"332","Q12931",0.00928061256315789
"333","Q9BYD1",0.00964076747924976
"334","P40429",0.0097915227246082
"335","Q9Y295",0.0098000273715255
"336","P38117",0.00993195959947023
"337","Q13772",0.0101138255280192
"338","P42766",0.0103254532326277
"339","P53634",0.0104034414407621
"340","O00567",0.0105980110258259
"341","P05783",0.0107899297071834
"342","Q92688",0.0109154034763718
"343","Q15056",0.0109748353981927
"344","Q9Y6C2",0.010986409762435
"345","P09874",0.0110201985468191
"346","Q9C004",0.011211663125581
"347","Q9BY49",0.0112957672746935
"348","P62873; P62879",0.011449233300734
"349","O60287",0.0119209884835301
"350","P26373",0.011940171449432
"351","P17480",0.0131013465847367
"352","Q9UHN6",0.0135718426410549
"353","Q9HCG8",0.0138150220846534
"354","P62841",0.0139551598806049
"355","Q14694",0.0141162983839408
"356","P49406",0.0142165070858194
"357","Q6PD62",0.0150293383265559
"358","Q8TF01",0.0151069718393904
"359","P62910",0.0151069718393904
"360","P19623",0.0154575331115214
"361","Q13268",0.0154575331115214
"362","P32322",0.0154790807894204
"363","Q9BYC9",0.0154790807894204
"364","P39060",0.0156773213649668
"365","Q8TEQ6",0.0157189305660755
"366","P49588",0.015886263496419
"367","Q9NVI7",0.0159948246506505
"368","Q6P996",0.0160079054551082
"369","Q86XX4",0.0162425152180332
"370","P07602",0.0164504618523341
"371","Q8TD30",0.0164504618523341
"372","Q01780",0.0179392076666835
"373","A6NCS6",0.0184357929719584
"374","P54577",0.0186149662216127
"375","Q13427",0.0186483510979379
"376","Q9Y287",0.0191561187846785
"377","Q02241",0.0193177614946793
"378","Q71RC2",0.0195710249807279
"379","P62424",0.0198848458420738
"380","O94925",0.0198848458420738
"381","P35268",0.0199733928924515
"382","Q7L014",0.0199867260200265
"383","Q13214",0.0202091403995075
"384","Q9NSE4",0.0203420339334595
"385","Q13823",0.0206114046879057
"386","P06748",0.0211422472333369
"387","P30837",0.0211557244489307
"388","P01023",0.0213213729650254
"389","O43493",0.0213573413810401
"390","Q9H8H0",0.0214436729570935
"391","Q9NVN8",0.0216188726771464
"392","P19440",0.0218070835860097
"393","Q13523",0.0219135365794591
"394","Q9Y3A5",0.0226044831520212
"395","P47897",0.0226922147038489
"396","Q7Z417",0.0227641905740694
"397","P98175",0.024051003164644
"398","Q04637",0.024051003164644
"399","P05156",0.0244995170870022
"400","Q9H6R3",0.0247861765523264
"401","P02675",0.0252730220493509
"402","Q9NUK0",0.0255246038478814
"403","P13804",0.0263502281980024
"404","Q9Y3D3",0.0263502281980024
"405","Q7L2J0",0.0263502281980024
"406","Q9UG63",0.0268535853058209
"407","Q13308",0.0268570427102999
"408","P05556",0.0272674592341375
"409","O76094",0.0274077136460226
"410","Q9HCU5",0.0282228103322891
"411","O15226",0.0291428487705408
"412","Q7L1Q6",0.0291428487705408
"413","Q13576",0.0292423330044122
"414","Q07020",0.0302534645532984
"415","P53597",0.0302653855903835
"416","P11177",0.0303514663026605
"417","Q14151",0.0304023407582493
"418","P78344",0.0308311937012367
"419","Q86UP2",0.0308395564307078
"420","P36776",0.0314986188683195
"421","Q06210",0.0318326261141892
"422","P13639",0.0319242861828133
"423","P12259",0.0331718124742819
"424","Q6P2E9",0.0331718124742819
"425","P08581",0.0331718124742819
"426","P30041",0.0333302150749562
"427","P26440",0.0333302150749562
"428","O15027",0.0335892198437789
"429","Q9NYY8",0.0339044123923773
"430","P11498",0.0349631560084831
"431","Q9GZR7",0.0351597812188744
"432","P11117",0.0357306754364249
"433","Q7L8L6",0.0363132280266867
"434","P62861",0.0371032365269933
"435","Q96RP9",0.0377485022459425
"436","Q8IWX8",0.0382505235772767
"437","O14646",0.0384569555201676
"438","Q05519",0.0412384432566826
"439","Q9Y3B4",0.0415997342823378
"440","Q6YN16",0.0415997342823378
"441","Q14204",0.0416792220461923
"442","O75683",0.0417114095288052
"443","O00461",0.0417726004161426
"444","O75400",0.0426872540001659
"445","P00390",0.0430345810457453
"446","Q9BSH4",0.0430345810457453
"447","Q8IV08",0.0430976560510298
"448","Q8IZA0",0.0431677484590995
"449","Q9ULV4",0.0432571738309844
"450","P43897",0.0436321963617685
"451","Q9HD20",0.0447882614199875
"452","Q8N684",0.0448008792602223
"453","P20042",0.0448383541133595
"454","Q9NQZ7",0.0448383541133595
"455","P13473",0.0469108300463041
"456","O00468",0.0480344509090389
"457","O75616",0.0485559324688898
"458","Q9BXS4",0.0485559324688898
"459","P38435",0.0485559324688898
"460","Q92973",0.0486924566239558
"461","Q9NUM4",0.0489390237454999
"462","P23142",0.0492401009254703
"463","P06493",0.0492622591168344
"464","P80404",0.0494405334781598
"465","P20700",0.0501101103235637
"466","P41250",0.0504327485049962
"467","P16435",0.0505526462135108
"468","O95218",0.0505526462135108
"469","P61313",0.0509972375424829
"470","Q15428",0.0514429700817647
"471","P62195",0.0514429700817647
"472","Q9BYJ9",0.0531005036456285
"473","Q96J42",0.0560175303258283
"474","O43670",0.056133096781796
"475","P18583",0.0561781920197279
"476","P22234",0.0567203039157573
"477","Q13085",0.0591251851226476
"478","P02649",0.060513851395893
"479","Q15631",0.060714266003237
"480","P05107",0.060818104811035
"481","P15586",0.0619148751875803
"482","O43824",0.0621376109025734
"483","Q7L4I2",0.0647665018527269
"484","Q07954",0.0651636860377856
"485","P25705",0.0657394347433393
"486","P13995",0.0658188417956929
"487","Q16531",0.0658188417956929
"488","P25325",0.0659345923068122
"489","O95819",0.0659596862020448
"490","P50225",0.0673177820308611
"491","Q86VP1",0.0675567685867625
"492","P13987",0.0682312302403474
"493","O75874",0.0697731263605687
"494","P38919",0.0701700062828803
"495","P07099",0.070262736336026
"496","Q5C9Z4",0.0719347285413508
"497","P02771",0.0721005341200957
"498","O75882",0.0722516874076335
"499","P53992",0.0722516874076335
"500","Q9NUU7; Q9UMR2",0.0742093207032388
"501","Q15582",0.0748722879308653
"502","P04181",0.0782155319501535
"503","O14617",0.078601190289394
"504","P30084",0.079122717569624
"505","P42892",0.0803482559854975
"506","Q92956",0.0812982917261239
"507","P45954",0.0822668905218674
"508","P09327",0.0831692068201864
"509","Q9BT17",0.0834825008137377
"510","O43818",0.083889280109446
"511","P08559",0.0843449707085484
"512","Q9Y388",0.0848019242094767
"513","P52701",0.0852630238681034
"514","P30044",0.0858513647406239
"515","P42677; Q71UM5",0.0858513647406239
"516","P26639",0.0866343350325885
"517","P10515",0.0874444240397839
"518","P27824",0.0876058656861653
"519","P55884",0.087791751849121
"520","Q15043",0.087791751849121
"521","P16219",0.0890243809184075
"522","Q14974",0.0890868322137026
"523","O14965",0.0907253153857615
"524","Q99798",0.0907253153857615
"525","P53999",0.0907253153857615
"526","Q09666",0.090755838889328
"527","Q01105",0.090755838889328
"528","Q9UP95",0.090755838889328
"529","P51114",0.0914229368139901
"530","Q9Y266",0.0914891976262415
"531","O75083",0.0923187218241635
"532","Q8TCJ2",0.0923187218241635
"533","O75390",0.0923574913010656
"534","P78504",0.0933455015047383
"535","P30038",0.0938009454240044
"536","P08865",0.0958249728360912
"537","Q9BU23",0.0961248261672012
"538","P54136",0.0972876338162958
"539","Q02252",0.0972876338162958
"540","P22570",0.0973075372050576
"541","Q5T4S7",0.0981543126819125
"542","Q99714",0.0984845871184227
"543","P34897",0.0984845871184227
"544","P62241",0.0986431501808745
"545","Q8N9Q2",0.0991774663813959
"546","Q14118",0.0991774663813959
"547","Q9P2E9",0.100692768119034
"548","P02749",0.102761484097672
"549","Q9BSJ8",0.102761484097672
"550","Q5BKY9",0.103261568205092
"551","Q9Y639",0.104469058487242
"552","O00541",0.104469058487242
"553","Q9H2H9",0.105143464145505
"554","P04843",0.10557633227221
"555","Q99442",0.10557633227221
"556","P09012",0.106574423015379
"557","P56199",0.107299931469308
"558","O43776",0.10769453441123
"559","Q9BXJ9",0.110529533208858
"560","Q08945",0.112100749749309
"561","Q9HCN3",0.112408250533301
"562","P62249",0.112408250533301
"563","Q68DH5",0.114423579703461
"564","Q9UBB4",0.114423579703461
"565","P19823",0.115614090567193
"566","P26640",0.115967538741962
"567","P50213",0.115967538741962
"568","P05787",0.117008915091223
"569","P35606",0.118601984683408
"570","Q9UQ53",0.120464239687825
"571","Q9UM00",0.120790201360191
"572","P00738",0.124776297974963
"573","Q68D85",0.125157566289043
"574","Q9C0J8",0.1273626734243
"575","P01019",0.127462536147577
"576","P20645",0.127462536147577
"577","P02652",0.128173434122824
"578","P60842",0.128173434122824
"579","Q9H1E3",0.128431936312381
"580","P21333",0.128815804005294
"581","P68363",0.128958725040497
"582","P08238",0.12939379951907
"583","Q9UKJ3",0.130693646584096
"584","Q9P035",0.133050260364815
"585","Q5VUB5",0.133704690659502
"586","Q86SQ4",0.134015173362604
"587","O14745",0.134015173362604
"588","P14314",0.134591666039047
"589","O60637",0.13529978972953
"590","Q8TB96",0.135784901007307
"591","Q99447",0.13582387643193
"592","O14817",0.136646608127282
"593","P05091",0.136734554499141
"594","P24752",0.137727541988472
"595","Q9P2R7",0.137856165063991
"596","P18827",0.138438341706633
"597","P35659",0.139462314898489
"598","Q9NXV6",0.139462314898489
"599","Q92575",0.141874891776032
"600","P51149",0.143234774235518
"601","Q92581",0.144126950741731
"602","P00387",0.144234324784679
"603","P20962",0.146043556905836
"604","P18085",0.14708359685438
"605","Q9BXP5",0.147685528395005
"606","P23458",0.149702867593735
"607","P51812",0.15188216584574
"608","Q9UIQ6",0.152272279661205
"609","Q96P11",0.15317254982566
"610","Q16698",0.153266532892487
"611","P06756",0.153266532892487
"612","Q2TB90",0.153391592131141
"613","P49753; Q86TX2",0.154540005189678
"614","P49748",0.155257661493787
"615","Q13123",0.156399476098318
"616","P35580",0.159467296315048
"617","P31689",0.160194710691441
"618","Q16762",0.160392149345938
"619","P62913",0.161070221857603
"620","Q96CM8",0.161732416496925
"621","Q6UW56",0.161732416496925
"622","P51148",0.161732416496925
"623","P35221",0.161732416496925
"624","Q8TC12",0.163331264638763
"625","Q15904",0.164369519992257
"626","Q9BW71",0.165566557689697
"627","Q4KMQ2",0.165998902376311
"628","P13688",0.166355151995922
"629","Q04828",0.166355151995922
"630","P61224",0.166662188736275
"631","P68104; Q5VTE0",0.166662188736275
"632","O60547",0.167016165584928
"633","Q13409",0.167016165584928
"634","Q9NYU2",0.167456859499133
"635","P78347",0.167745112156145
"636","P50552",0.167745112156145
"637","P09001",0.167745112156145
"638","P08240",0.168702910146484
"639","P78536",0.168702910146484
"640","Q9UDY2",0.168800929110323
"641","P02545",0.169245456078941
"642","Q16822",0.171374297391199
"643","Q15185",0.171620225218827
"644","P30048",0.171962245890289
"645","Q5VTL8",0.17483038168903
"646","P49790",0.17828227854361
"647","O00264",0.179338844409131
"648","Q8N7H5",0.179383153359195
"649","P35613",0.181625733418934
"650","Q14596",0.182655472407561
"651","Q9HCC0",0.182777711351987
"652","P53396",0.183461179952624
"653","P84085",0.183461179952624
"654","Q14008",0.186161624501125
"655","Q96A25",0.186519669205027
"656","P10909",0.188171956091276
"657","P51570",0.188171956091276
"658","O75509",0.191703088909365
"659","O15355",0.192145257320347
"660","Q00610",0.192557405657319
"661","P08185",0.195878652032364
"662","P55795",0.196000647184403
"663","Q9H583",0.196389075878474
"664","P41252",0.196389075878474
"665","Q13423",0.196389075878474
"666","Q66PJ3",0.196389075878474
"667","Q92552",0.196389075878474
"668","P53801",0.196389075878474
"669","P08727",0.197801792847003
"670","Q7Z6E9",0.198924123564642
"671","Q9Y678",0.200076836683648
"672","Q01844",0.200451387110156
"673","P62333",0.203209572226331
"674","Q9NP58",0.20403933404566
"675","Q3T906",0.204762997914126
"676","Q53GQ0",0.205499913759369
"677","P05026",0.205499913759369
"678","P38571",0.206159552163661
"679","Q14126",0.207513158235422
"680","P10809",0.207513158235422
"681","Q9Y3I0",0.207513158235422
"682","Q9Y399",0.208037690943004
"683","Q8WUA8",0.21299232384697
"684","Q9Y2I8",0.213960588740339
"685","P25116",0.213960588740339
"686","P51649",0.214050770370297
"687","P08579",0.219674385099113
"688","P11586",0.219674385099113
"689","Q9NRM0",0.219674385099113
"690","P28331",0.221186359696486
"691","P46100",0.223648981829696
"692","P02765",0.224169023384151
"693","P33908",0.225342898026714
"694","P00352",0.22600677072814
"695","O60884",0.227086637539532
"696","O00308",0.22887064639573
"697","Q99523",0.231149517709659
"698","P16671",0.231149517709659
"699","O95394",0.234298018435491
"700","P30825",0.234298018435491
"701","Q09328",0.234467109913233
"702","O15269",0.23451227349996
"703","Q15437",0.23451227349996
"704","Q5ZPR3",0.234973349610463
"705","Q15262",0.239501106518321
"706","O00151",0.240269435028995
"707","P80370",0.240269435028995
"708","P28838",0.242443209675206
"709","O15417",0.24362990010847
"710","P25440",0.24362990010847
"711","Q5JPH6",0.244145390610484
"712","Q9UBM7",0.244145390610484
"713","P30405",0.244525812022148
"714","O43719",0.244619115263732
"715","sp",0.245716490938346
"716","Q6NYC1",0.246819550394183
"717","P50454",0.249235819190665
"718","Q92673",0.249847305662526
"719","P36542",0.250138376556603
"720","P39687",0.250138376556603
"721","P27487",0.250138376556603
"722","P51795",0.250366676631612
"723","P07996",0.255066211180616
"724","Q8NE01",0.255066211180616
"725","P55157",0.257273436410236
"726","P15151",0.257273436410236
"727","Q99808",0.258116986459379
"728","P15907",0.258484759543555
"729","Q8IX12",0.263292606073889
"730","Q14534",0.265337044227932
"731","P19022",0.267561546350495
"732","P00558",0.270963318992221
"733","Q7Z4W1",0.271166921258754
"734","P35237",0.271166921258754
"735","O75131",0.272910992173978
"736","P08195",0.273228524650301
"737","P05141; P12236",0.273777232919571
"738","P27708",0.274585525834315
"739","Q16836",0.27478739290839
"740","Q9Y6E2",0.27478739290839
"741","O60701",0.275392418691542
"742","Q9NY35",0.275503017858395
"743","O76031",0.275503017858395
"744","P20674",0.275503017858395
"745","P29966",0.275503017858395
"746","Q9HD33",0.276954518555407
"747","Q8NC54",0.277554649613308
"748","P23284",0.278614957855109
"749","P09429",0.281009055040828
"750","P31431",0.281393093048493
"751","Q92541",0.282969449961253
"752","O95490",0.282969449961253
"753","Q16563",0.283684764741899
"754","Q14108",0.284233147857973
"755","Q8NI27",0.285092639749421
"756","P62277",0.285092639749421
"757","P50395",0.286356977016127
"758","P49327",0.28650912605496
"759","Q9NX58",0.286933841467542
"760","P48735",0.28827369156914
"761","Q15424",0.288505141345837
"762","P46778",0.289450802905129
"763","P78371",0.290152490894602
"764","Q9UIW2",0.293970112762191
"765","Q13724",0.295345068564114
"766","O15438",0.295348386001696
"767","P63218",0.295387306564574
"768","Q14847",0.296777956893186
"769","Q14978",0.296777956893186
"770","Q86YT5",0.296777956893186
"771","P0C0L4; P0C0L5",0.297210241131122
"772","Q7L576",0.298038308313425
"773","P11766",0.299815448979879
"774","Q8IWB7",0.299890580931417
"775","P48449",0.302252623554611
"776","Q03252",0.302804038493827
"777","Q06481",0.305773240497347
"778","Q13011",0.309403067491764
"779","Q10589",0.309791449975045
"780","P11172",0.313932002921047
"781","O75494",0.314269242916959
"782","P61204; P84077",0.314802253274626
"783","Q8WTV0",0.315155041927956
"784","P61956",0.316436755210776
"785","Q86WC4",0.316647248760253
"786","Q9NTK5",0.321413851608654
"787","Q12767",0.323264019498627
"788","P0DMN0",0.324341428338742
"789","Q08380",0.3250978491245
"790","O95716; P61224",0.325247514881881
"791","P05362",0.325763227845554
"792","P04899",0.326900163135742
"793","Q9Y5B9",0.32727791101604
"794","P37268",0.32787784371774
"795","O75439",0.328742760070072
"796","Q13813",0.330001733716475
"797","P63244",0.330001733716475
"798","Q8WVC0",0.331311965773372
"799","Q14697",0.333308262453469
"800","Q5T3U5",0.334009632399446
"801","P11279",0.336219815199768
"802","Q8WWC4",0.336219815199768
"803","Q13428",0.336219815199768
"804","P16930",0.337156960805201
"805","P32754",0.338746961709803
"806","P58107",0.34283188240336
"807","Q92545",0.343583211074777
"808","Q15287",0.343583211074777
"809","P06576",0.343583211074777
"810","P35052",0.346050036088454
"811","P07108",0.346050036088454
"812","P43121",0.347036137878175
"813","Q9H8H2",0.348198742314505
"814","Q8IXB1",0.348198742314505
"815","O00148; Q13838",0.35115113286893
"816","O43681",0.351822795872767
"817","P62753",0.351837193820288
"818","P08754",0.352101720124173
"819","Q01130",0.354798741391466
"820","P52569",0.354891397514218
"821","Q9NQ84",0.357553073376129
"822","O43175",0.358780563225006
"823","P78423",0.35980383817135
"824","O95573",0.360858009239032
"825","Q8WXA9",0.361796038012695
"826","P62491; Q15907",0.361929819092001
"827","Q15286",0.362030857722449
"828","P11021",0.364927124554822
"829","O43684",0.36517561836759
"830","P09543",0.365522065640321
"831","O00203",0.367051583762417
"832","Q96L92",0.37597412409274
"833","P63241",0.376670405619667
"834","P51654",0.377955500629081
"835","P21964",0.377955500629081
"836","P49792",0.379729462789682
"837","P22314",0.379729462789682
"838","Q9ULU4",0.379729462789682
"839","P61020",0.381726086532383
"840","O94855",0.384057509136304
"841","P05388; Q8NHW5",0.384057509136304
"842","Q96IZ7",0.385469818214572
"843","P55263",0.385469818214572
"844","O43795",0.385564133057664
"845","P51790",0.385564133057664
"846","P18077",0.38747151876792
"847","P31040",0.388085390851009
"848","P20618",0.390476226651208
"849","P05114",0.390476226651208
"850","Q9BXS9",0.393895346607953
"851","P63220",0.394105172848952
"852","O43242",0.395122578036076
"853","Q9Y289",0.395122578036076
"854","O75751",0.396338440113793
"855","Q7Z3C6",0.396895145062653
"856","O60841",0.398326487445793
"857","P62857",0.398326487445793
"858","P53618",0.398326487445793
"859","P61026",0.398326487445793
"860","O43657",0.398326487445793
"861","Q96C23",0.398420974150384
"862","P21291",0.399458681463065
"863","Q9Y2W1",0.403997075966199
"864","O75367",0.403997075966199
"865","P35222",0.404827741108013
"866","P23919",0.404827741108013
"867","P07900",0.405781908764866
"868","Q12797",0.405781908764866
"869","O00410",0.405781908764866
"870","Q8TCT9",0.406011497831422
"871","O00159",0.406851716407579
"872","Q14247",0.407468833338549
"873","P08174",0.407468833338549
"874","P52655",0.407910518808203
"875","Q96T76",0.414369797691811
"876","P0DMV9",0.414626777029693
"877","Q01518",0.415648594556467
"878","Q15067",0.417438934029317
"879","Q9BTT0",0.417438934029317
"880","Q969L2",0.417833383126095
"881","P16401",0.418498753235176
"882","P25398",0.421305676397277
"883","Q8NBN3",0.422400153647091
"884","Q92598",0.425577003372073
"885","Q8N0V5",0.425577003372073
"886","Q17R89; Q68EM7",0.428543877250763
"887","Q8N2M8",0.429524178388645
"888","P62851",0.42974083267851
"889","P36873; P62136",0.42974083267851
"890","P43307",0.431037801200388
"891","Q96Q45",0.431306302896397
"892","P30408",0.432484365832157
"893","O14524",0.43745075066892
"894","Q15645",0.438066527800289
"895","P56381; Q5VTU8",0.438334038201993
"896","Q01581",0.438334038201993
"897","Q969Q0",0.440873229642184
"898","P23526",0.440873229642184
"899","Q6P4E1",0.440873229642184
"900","P31939",0.440873229642184
"901","Q96FW1",0.443133807262844
"902","Q9NRA2",0.443163758403975
"903","P08708",0.446271561576266
"904","Q9H7F0",0.447654310384624
"905","Q96AY3",0.451603444401976
"906","P04908; P0C0S8; P20671; Q16777; Q6FI13; Q7L7L0; Q93077; Q96KK5; Q99878; Q9BTM1",0.45168953265242
"907","P48643",0.452192939337381
"908","Q8TCT8",0.456776067695128
"909","P62244",0.45841690405631
"910","Q16850",0.460558589174702
"911","P02763",0.467487943652361
"912","P28072",0.467487943652361
"913","P26641",0.472248358359015
"914","Q6NSJ0",0.475082774805912
"915","Q9Y490",0.475082774805912
"916","O76024",0.479315051139543
"917","O14818",0.480397741668867
"918","O14647",0.480800795464062
"919","Q9NWD8",0.481815820139186
"920","P34741",0.481964871434065
"921","P40189",0.482857872399098
"922","P16949; Q93045",0.484491165246271
"923","P17858",0.48486283190943
"924","Q08170",0.485581887373518
"925","P68371",0.487191906758587
"926","P43007",0.489225432647425
"927","Q9ULC5",0.489560744272289
"928","P53621",0.489560744272289
"929","P11413",0.490129749939297
"930","P46976",0.490129749939297
"931","P17252",0.490499376309376
"932","P62745",0.491112514987014
"933","P50991",0.491112514987014
"934","P49006",0.494747982187457
"935","Q00325",0.495574240947146
"936","P60228",0.496108091932023
"937","O94880",0.496108091932023
"938","Q15029",0.496514745253243
"939","P40227",0.497106041239735
"940","Q9BY67",0.497106041239735
"941","Q08357",0.497106041239735
"942","Q99832",0.498026569085148
"943","P55786",0.49996542884147
"944","Q5T3F8",0.502846593167956
"945","P46939",0.502846593167956
"946","P21127",0.502846593167956
"947","Q8TED4",0.50294676763907
"948","P39748",0.506334072415966
"949","Q9UDR5",0.506334072415966
"950","Q9HDC9",0.506334072415966
"951","P56537",0.506334072415966
"952","O14638",0.506334072415966
"953","P60900",0.507289273070431
"954","Q96PU8",0.508508276201039
"955","P61604",0.508508276201039
"956","Q5TF39",0.508995944224195
"957","Q9UHW9",0.513328222744261
"958","Q9NP64",0.517156505686824
"959","P63000",0.525270461099174
"960","Q7Z6M4",0.525270461099174
"961","P31930",0.527169357845039
"962","Q9H773",0.533249727336916
"963","P34932",0.53337533161149
"964","Q5T9A4",0.533389837296792
"965","Q8N5F7",0.533389837296792
"966","Q9NYF8",0.539683720986796
"967","P48066",0.543716169517255
"968","P22455",0.54416877242318
"969","Q14114",0.545726591512716
"970","O43837",0.546565313438239
"971","Q6ZQN7",0.546565313438239
"972","P41732",0.547032326504132
"973","P53384",0.547032326504132
"974","Q13057",0.547144358255399
"975","P33992",0.547144358255399
"976","Q9UMS4",0.551335676056804
"977","P61106",0.551335676056804
"978","P39656",0.551773573050233
"979","P07307",0.555318002539613
"980","Q15738",0.555368883754436
"981","O60779",0.559533686766953
"982","Q99426",0.561854715678204
"983","P14550",0.561854715678204
"984","Q6UXD5",0.561854715678204
"985","Q8N370",0.561971713706477
"986","P04156",0.563646044369056
"987","Q6UX53",0.565929904197959
"988","P12814",0.56699528472978
"989","Q8WUM0",0.567636898522847
"990","O15118",0.567979177103916
"991","O60218",0.567979177103916
"992","P28827",0.568788245851503
"993","P62820",0.568788245851503
"994","Q9Y6M5",0.569269583971642
"995","P49257",0.569269583971642
"996","O15042",0.569398769045415
"997","Q15059",0.569398769045415
"998","P12955",0.5708502677872
"999","P10321",0.571615702904987
"1000","O43252",0.571615702904987
"1001","P08133",0.572024617627505
"1002","P04004",0.573544064630713
"1003","Q8NFZ8",0.573990057933991
"1004","Q9BUQ8",0.574728210675986
"1005","Q9P2B2",0.576644444129085
"1006","O75694",0.578734428086707
"1007","Q9Y3B3",0.578734428086707
"1008","P40925",0.578734428086707
"1009","P62995",0.584420623350515
"1010","P10644",0.584827874883384
"1011","Q9GZU2",0.584827874883384
"1012","P30153",0.586123142203927
"1013","Q9UPY5",0.586123142203927
"1014","O00267",0.591101981411819
"1015","P04424",0.59929951793403
"1016","Q15393",0.601281027449294
"1017","P60709; P63261",0.602267364011399
"1018","Q9NQW6",0.603074764283967
"1019","P12004",0.606078553412352
"1020","Q8N8Z6",0.606078553412352
"1021","Q15758",0.606078553412352
"1022","Q92621",0.606078553412352
"1023","Q86VR7",0.606078553412352
"1024","P21796",0.606078553412352
"1025","P07306",0.606078553412352
"1026","O95297",0.606078553412352
"1027","P01033",0.606078553412352
"1028","P48029",0.606078553412352
"1029","P69849; Q15155; Q5JPE7",0.607632360856433
"1030","Q96SL1",0.607632360856433
"1031","P07437",0.607632360856433
"1032","Q9BS26",0.609113719126342
"1033","P50502",0.61085218937177
"1034","Q9NPF0",0.61085218937177
"1035","P10412; P16402; P16403",0.612017177101744
"1036","Q9UGH3",0.613174935150062
"1037","P49368",0.613174935150062
"1038","P49720",0.613174935150062
"1039","P68431; P84243; Q16695; Q5TEC6; Q71DI3",0.614535716264047
"1040","Q8NC42",0.617349619190828
"1041","P35579",0.618062343648279
"1042","P37173",0.620859979036108
"1043","P06454",0.620859979036108
"1044","P62873",0.620859979036108
"1045","P54709",0.623710564930723
"1046","P15924",0.626833573377225
"1047","P45973",0.633238460134008
"1048","P61088; Q5JXB2",0.633421431280438
"1049","P23229",0.636260991502501
"1050","P78310",0.637506981600074
"1051","P53007",0.638156069253392
"1052","P31327",0.638156069253392
"1053","P18206",0.638156069253392
"1054","O60814; P06899; P23527; P33778; P57053; P58876; P62807; Q16778; Q5QNW6; Q8N257; Q93079; Q99877; Q99879; Q99880",0.638156069253392
"1055","Q9H0X4",0.638156069253392
"1056","P27482",0.638156069253392
"1057","Q13200",0.638156069253392
"1058","O43490",0.642860320775639
"1059","P14618",0.642860320775639
"1060","Q9BWD1",0.642860320775639
"1061","P0C0S5; Q71UI9",0.642860320775639
"1062","Q9BXR0",0.644590669293127
"1063","P25789",0.644979220147895
"1064","Q15392",0.645407299159808
"1065","Q9Y4D7",0.64924321586336
"1066","Q96QD8",0.64924321586336
"1067","P19652",0.649642379049372
"1068","O95342",0.651360347932127
"1069","P12268",0.652691996921733
"1070","Q29983",0.65694099331827
"1071","P11166",0.657715498575452
"1072","P06744",0.661477892026156
"1073","P04920",0.663216771273217
"1074","Q9Y3U8",0.663216771273217
"1075","O95163",0.666955598435031
"1076","Q9Y224",0.667645844867106
"1077","P13489",0.669449492246314
"1078","Q9NWB6",0.672045399421421
"1079","P48067",0.67246527613324
"1080","P15848",0.673089080343837
"1081","O75521",0.675411346592548
"1082","Q8TCT7",0.675936000662809
"1083","P15260",0.676750961352385
"1084","Q9BRX8",0.678794916231389
"1085","Q9Y5M8",0.678794916231389
"1086","O60488",0.678794916231389
"1087","O95477",0.68004783065788
"1088","P19256",0.68004783065788
"1089","P60981",0.682215616572824
"1090","Q9BU76",0.682215616572824
"1091","Q9UHC9",0.684739674090832
"1092","P56192",0.684739674090832
"1093","P51797",0.684739674090832
"1094","Q9H8J5",0.684739674090832
"1095","Q9H501",0.684831590313644
"1096","P01011",0.685922297085036
"1097","P06753",0.686055959198168
"1098","Q15061",0.687293007254018
"1099","Q9BRA2",0.687293007254018
"1100","P18433",0.687293007254018
"1101","O75462",0.687609994328204
"1102","Q14980",0.687647661022821
"1103","P07737",0.68828683131184
"1104","Q6EMK4",0.690515382704066
"1105","P19438",0.692698824263159
"1106","P52926",0.692698824263159
"1107","O95816",0.692698824263159
"1108","Q99650",0.692698824263159
"1109","P15121",0.692698824263159
"1110","Q96HS1",0.692698824263159
"1111","P62750",0.697464092304294
"1112","P42685",0.69841207511402
"1113","Q08426",0.704996951018644
"1114","P02760",0.704996951018644
"1115","P29401",0.707054300074239
"1116","Q9Y383",0.70856896063766
"1117","Q8WUM9",0.70856896063766
"1118","P68032; P68133",0.709766325555218
"1119","P62805",0.714185002011673
"1120","P25786",0.715431079095255
"1121","P63104",0.715431079095255
"1122","P45880",0.715431079095255
"1123","P28288",0.715544495799902
"1124","Q9UN76",0.715544495799902
"1125","P54819",0.715544495799902
"1126","Q9UKD2",0.715544495799902
"1127","Q9P0T7",0.718264190079525
"1128","Q99733",0.718264190079525
"1129","Q9Y666",0.718264190079525
"1130","O43747",0.718264190079525
"1131","P48047",0.720085899861104
"1132","P52292",0.722864776767449
"1133","Q01650",0.725193489994883
"1134","P37108",0.7253442877619
"1135","P61586",0.727143645452303
"1136","Q99961",0.731324160743305
"1137","Q15363",0.731497520154537
"1138","P08670",0.733052411384833
"1139","Q9BQ39",0.734965237823732
"1140","Q9NV96",0.739789885644269
"1141","Q13595",0.742302029517997
"1142","P49419",0.742385825410326
"1143","Q8WXS4",0.742385825410326
"1144","Q8WWT9",0.742385825410326
"1145","O95716; P61006",0.742385825410326
"1146","Q03426",0.742385825410326
"1147","Q9Y3F4",0.742385825410326
"1148","P60174",0.742385825410326
"1149","P31946",0.742385825410326
"1150","Q9Y617",0.745028120453827
"1151","Q9H0H5",0.745028120453827
"1152","P17174",0.745028120453827
"1153","Q9Y625",0.747240223988777
"1154","P33176",0.755085843997661
"1155","Q12830",0.758405633692462
"1156","Q5VW38",0.758405633692462
"1157","P14868",0.758706742171867
"1158","Q658P3",0.760461433798221
"1159","P15144",0.761059758095808
"1160","Q9Y262",0.762589691285441
"1161","P60660",0.762589691285441
"1162","P49189",0.762589691285441
"1163","Q9ULQ1",0.762589691285441
"1164","Q9UI30",0.763018967346901
"1165","P00505",0.763018967346901
"1166","Q86VM9",0.765506141540133
"1167","Q13530",0.766038214172664
"1168","P22307",0.766650390292598
"1169","P41440",0.768648114785179
"1170","P50990",0.768648114785179
"1171","Q9Y653",0.774329496673784
"1172","O75643",0.776637395969749
"1173","P17096",0.777826710518106
"1174","P18669",0.777826710518106
"1175","P51659",0.777826710518106
"1176","Q9GZU1",0.777826710518106
"1177","P61513",0.778652672868915
"1178","Q9UJ14",0.780899760424476
"1179","P17987",0.780899760424476
"1180","Q9ULX3",0.785341002777786
"1181","O15440",0.789139637874275
"1182","P15531",0.789139637874275
"1183","P14324",0.789139637874275
"1184","O95571",0.791002240844302
"1185","Q12907",0.791578009232425
"1186","Q9GZZ1",0.792016318659082
"1187","Q9BUF7",0.792524986280595
"1188","P30050",0.792524986280595
"1189","Q9H6Y7",0.798160882571528
"1190","P27797",0.798752613538444
"1191","P00403",0.798752613538444
"1192","Q9UKV3",0.799453629889575
"1193","Q16658",0.799453629889575
"1194","O60503",0.799453629889575
"1195","Q9Y624",0.800221172695982
"1196","P08069",0.801789357053609
"1197","P42702",0.802480097712265
"1198","Q8IYB3",0.803300759690075
"1199","P13861",0.807895360271056
"1200","P07384",0.808837494905417
"1201","Q9NUN5",0.812937702325739
"1202","Q08257",0.812937702325739
"1203","P21860",0.812937702325739
"1204","Q9Y6M7",0.813282913455571
"1205","Q9HD45",0.813282913455571
"1206","P55060",0.813282913455571
"1207","P00338",0.815637585209717
"1208","P48960",0.815637585209717
"1209","P31641",0.815637585209717
"1210","P07148",0.817609188427201
"1211","Q92887",0.817638545892319
"1212","A1A5C7",0.818773497018612
"1213","Q86VP6",0.818773497018612
"1214","P11142",0.818773497018612
"1215","P60953",0.820163914844989
"1216","P28332",0.820369628863862
"1217","Q6ZRP7",0.820676939148576
"1218","Q2TAY7",0.835295455995042
"1219","Q96QK1",0.835386312342832
"1220","P46459",0.835457731705642
"1221","Q9Y4L1",0.835457731705642
"1222","P11388",0.835457731705642
"1223","Q8NCI6",0.839423286158967
"1224","Q92820",0.840254740694016
"1225","Q99624",0.842420046089887
"1226","O43707",0.846464222497227
"1227","P68431; P84243; Q16695; Q71DI3",0.850849479659082
"1228","P53602",0.850849479659082
"1229","Q9NP81",0.850849479659082
"1230","P22607",0.853105043617515
"1231","Q9H845",0.853105043617515
"1232","Q9P2C4",0.853197774428409
"1233","P49756",0.853293100356721
"1234","Q9ULF5",0.853293100356721
"1235","P62906",0.853293100356721
"1236","P28074",0.853293100356721
"1237","Q14376",0.853293100356721
"1238","O15143",0.861603325116516
"1239","O75503",0.861603325116516
"1240","P35998",0.862166213189021
"1241","Q12913",0.862166213189021
"1242","P43487",0.862166213189021
"1243","Q9NS93",0.86352163232872
"1244","Q13263",0.873901475745437
"1245","Q9Y265",0.873901475745437
"1246","O95747",0.873901475745437
"1247","O75369",0.873901475745437
"1248","P14735",0.87450077243744
"1249","O00462",0.87450077243744
"1250","P48509",0.875557089251363
"1251","P17813",0.875758761696985
"1252","Q12866",0.877904616710373
"1253","O15439",0.87934004091999
"1254","O60716",0.87934004091999
"1255","O94886",0.87934004091999
"1256","P11216",0.87934004091999
"1257","Q99829",0.87934004091999
"1258","P0DP25",0.87934004091999
"1259","P62829",0.87934004091999
"1260","P62826",0.87934004091999
"1261","Q9NYV4",0.87934004091999
"1262","Q8N6C5",0.87934004091999
"1263","O14495",0.87934004091999
"1264","P62258",0.880193884244318
"1265","P25815",0.880193884244318
"1266","P22102",0.886647192836123
"1267","O94906",0.886647192836123
"1268","Q13247",0.886647192836123
"1269","Q9NRX5",0.887328049140269
"1270","Q8IUW5",0.887328049140269
"1271","P55011",0.887328049140269
"1272","Q96MU7",0.887328049140269
"1273","P30040",0.888058370375482
"1274","P26583",0.889106701473291
"1275","Q15436",0.891225913001795
"1276","Q9HAV7",0.891401173723273
"1277","P04844",0.892383847743091
"1278","Q9BZD2",0.895151983856911
"1279","P04792",0.898043372131152
"1280","P31645",0.898663419711856
"1281","P50895",0.898663419711856
"1282","O00303",0.898663419711856
"1283","P55072",0.899165262213851
"1284","Q96I99",0.899165262213851
"1285","Q15149",0.899165262213851
"1286","Q9NY64",0.901364412511883
"1287","P18084",0.903998371645153
"1288","Q03167",0.907557191380852
"1289","Q0VDF9",0.907557191380852
"1290","Q9NTX5",0.907763396236265
"1291","P25205",0.907889147151326
"1292","P49908",0.909191172620998
"1293","P13693",0.917149466560743
"1294","Q9UK23",0.918811654524827
"1295","P36871",0.920452207180533
"1296","P16444",0.920452207180533
"1297","E9PAV3; Q13765",0.920452207180533
"1298","Q9NW97",0.920452207180533
"1299","Q01469",0.925744762094972
"1300","Q13347",0.9270896299035
"1301","Q7L0J3",0.927176305830223
"1302","P13797",0.928362624147486
"1303","P67775",0.9311261715231
"1304","P11168",0.93459571342641
"1305","P28799",0.936413079968697
"1306","O75387",0.940431418455705
"1307","P35232",0.944358265710687
"1308","P15311",0.944668831541756
"1309","P23528",0.94681092673496
"1310","P49773",0.947328393929223
"1311","Q9H2B4",0.947441693787094
"1312","P55082",0.948823567162266
"1313","P08183",0.948860936026727
"1314","P06213",0.950207513024464
"1315","P14923",0.951020300432749
"1316","P04406",0.951574453117139
"1317","Q99497",0.951574453117139
"1318","P47756",0.952360156142578
"1319","Q2LD37",0.954443281450908
"1320","Q9GZM5",0.954443281450908
"1321","Q8TEB7",0.954443281450908
"1322","O60512",0.955653256725536
"1323","Q9Y4D2",0.955653256725536
"1324","Q8NBS3",0.957064030642282
"1325","P78552",0.959775274330393
"1326","P32119",0.960177800334855
"1327","Q13243",0.960177800334855
"1328","P30414",0.960177800334855
"1329","Q8N983",0.960177800334855
"1330","O43852",0.960177800334855
"1331","Q16643",0.960552286418678
"1332","Q9BXP2",0.960552286418678
"1333","Q99623",0.960552286418678
"1334","P30085",0.960552286418678
"1335","P08962",0.960552286418678
"1336","P01130",0.960552286418678
"1337","Q02318",0.960552286418678
"1338","O15144",0.962517561537164
"1339","P06733",0.962517561537164
"1340","P06703",0.962517561537164
"1341","P01009",0.964479892124676
"1342","P07305",0.96795090820559
"1343","Q02790",0.968933792504682
"1344","Q9Y5Y0",0.970999843915013
"1345","P46779",0.971306240601978
"1346","P33527",0.9719980758021
"1347","P78357",0.9719980758021
"1348","Q92536",0.9719980758021
"1349","Q99571",0.9719980758021
"1350","O60814; P57053; P58876; P62807; Q5QNW6; Q93079; Q99877; Q99879; Q99880",0.9719980758021
"1351","P14778",0.9719980758021
"1352","P25445",0.9719980758021
"1353","P27348",0.9719980758021
"1354","P14174",0.9719980758021
"1355","O75844",0.973210755324242
"1356","Q13162",0.975876209874532
"1357","Q5SSJ5",0.976673038956919
"1358","O15131; O60684",0.976777309998422
"1359","P07858",0.976777309998422
"1360","Q8NFC6",0.976777309998422
"1361","O94776",0.9784763063352
"1362","P16422",0.978589094191597
"1363","P51648",0.98076560581831
"1364","P37837",0.983039670457602
"1365","Q9BYE9",0.983039670457602
"1366","Q9NPH3",0.983039670457602
"1367","Q12904",0.983039670457602
"1368","Q8WUX1",0.986796597110126
"1369","P09382",0.989017406382319
"1370","Q9BV38",0.991768681916379
"1371","P49915",0.991768681916379
"1372","O75976",0.991768681916379
"1373","Q9NR19",0.993074621366223
"1374","P04233",0.993074621366223
"1375","P22413",0.993074621366223
"1376","P55209",0.993074621366223
"1377","P23470",0.993074621366223
"1378","Q9UHD1",0.994237824664481
"1379","P11169",0.994237824664481
"1380","P40926",0.994240763402168
